iter,score,food,len,pol_loss,val_loss,ent_loss,kl,clip,train_avg_reward
1,131.649,4.792,7.792,-0.00472,222.04714,-0.84462,0.00486,0.0523,0.8277
2,nan,nan,nan,-0.00311,278.86694,-0.80874,0.00396,0.0420,0.9926
3,nan,nan,nan,-0.00510,262.17329,-0.79733,0.00308,0.0256,1.0436
4,nan,nan,nan,-0.00302,194.70826,-0.83530,0.00672,0.1059,0.8143
5,nan,nan,nan,0.00250,297.99186,-0.75981,0.01785,0.2471,1.0940
6,nan,nan,nan,0.00139,295.68887,-0.74982,0.00693,0.0976,1.0660
7,nan,nan,nan,0.00395,224.56308,-0.79399,0.01914,0.2649,0.9356
8,nan,nan,nan,0.00941,194.64447,-0.79557,0.03831,0.3433,0.8988
9,nan,nan,nan,0.00691,301.47379,-0.72417,0.02507,0.2414,1.1426
10,281.963,9.875,12.875,-0.00888,302.30077,-0.72573,0.00766,0.1203,1.2882
11,nan,nan,nan,0.00272,223.18786,-0.76330,0.03193,0.2802,1.0309
12,nan,nan,nan,-0.00878,250.62612,-0.67095,0.00412,0.0469,1.1465
13,nan,nan,nan,-0.01037,287.51536,-0.68774,0.00486,0.0687,1.3043
14,nan,nan,nan,-0.01060,313.07715,-0.72008,0.00827,0.1184,1.2719
15,nan,nan,nan,-0.00922,294.44908,-0.74690,0.00693,0.1014,1.2394
16,nan,nan,nan,-0.01331,260.85903,-0.74394,0.00552,0.0708,1.1278
17,nan,nan,nan,-0.00556,226.58313,-0.76142,0.02505,0.2756,1.0529
18,nan,nan,nan,-0.00309,295.87457,-0.70504,0.03301,0.3383,1.2376
19,nan,nan,nan,0.00206,269.95749,-0.72752,0.03966,0.3919,1.1540
20,351.742,12.167,15.167,-0.01078,238.67669,-0.74657,0.01961,0.2330,1.0744
21,nan,nan,nan,-0.01728,234.45836,-0.75587,0.00301,0.0380,1.0766
22,nan,nan,nan,-0.01441,198.22585,-0.74821,0.00929,0.1185,1.0220
23,nan,nan,nan,-0.00678,210.13148,-0.73457,0.02041,0.2385,1.1007
24,nan,nan,nan,-0.01547,260.78652,-0.69878,0.00800,0.1065,1.3163
25,nan,nan,nan,-0.01849,278.48700,-0.71779,0.00286,0.0274,1.2694
26,nan,nan,nan,-0.02157,308.63533,-0.72018,0.00435,0.0544,1.3567
27,nan,nan,nan,-0.02266,277.44544,-0.72819,0.00699,0.1073,1.2310
28,nan,nan,nan,-0.01547,252.50333,-0.71874,0.01046,0.1478,1.2743
29,nan,nan,nan,-0.02497,281.35385,-0.74129,0.00483,0.0723,1.1747
30,361.101,12.125,15.125,-0.02004,240.84877,-0.72119,0.00118,0.0069,1.2335
31,nan,nan,nan,-0.02195,288.61384,-0.71513,0.00573,0.0833,1.2883
32,nan,nan,nan,-0.02362,235.42450,-0.72957,0.00094,0.0002,1.1814
33,nan,nan,nan,-0.01717,254.41312,-0.71970,0.01217,0.1619,1.2741
34,nan,nan,nan,-0.02167,262.50338,-0.72131,0.00428,0.0609,1.2105
35,nan,nan,nan,-0.01932,236.60664,-0.70894,0.01541,0.1981,1.2355
36,nan,nan,nan,-0.02417,350.19656,-0.66679,0.00603,0.0769,1.4189
37,nan,nan,nan,-0.02201,280.13671,-0.70345,0.00328,0.0362,1.2985
38,nan,nan,nan,-0.00827,171.59133,-0.75267,0.00941,0.1581,1.0847
39,nan,nan,nan,-0.02124,282.57255,-0.71484,0.01327,0.1995,1.3184
40,327.603,11.333,14.333,-0.02705,334.15336,-0.71935,0.00386,0.0455,1.3156
41,nan,nan,nan,-0.01117,208.53671,-0.76119,0.02127,0.2923,1.0341
42,nan,nan,nan,-0.02137,247.82521,-0.70498,0.00847,0.1245,1.2747
43,nan,nan,nan,-0.02163,223.58950,-0.76434,0.00964,0.1331,1.0161
44,nan,nan,nan,-0.03143,291.19311,-0.72592,0.00540,0.0684,1.2058
45,nan,nan,nan,-0.02310,238.27273,-0.73584,0.00406,0.0549,1.1732
46,nan,nan,nan,-0.02488,328.81780,-0.72351,0.01277,0.1889,1.2197
47,nan,nan,nan,-0.01230,252.47075,-0.73383,0.01830,0.2893,1.2242
48,nan,nan,nan,-0.02963,275.35153,-0.73787,0.00303,0.0327,1.2360
49,nan,nan,nan,-0.02927,294.17176,-0.74806,0.00358,0.0389,1.1464
50,429.106,14.542,17.542,-0.03281,302.91963,-0.73285,0.00336,0.0401,1.2065
51,nan,nan,nan,0.00115,241.45036,-0.72973,0.07472,0.3632,1.0868
52,nan,nan,nan,-0.02485,491.14821,-0.55486,0.00354,0.0391,1.3034
53,nan,nan,nan,0.00540,432.01205,-0.60022,0.07637,0.3414,1.4071
54,nan,nan,nan,-0.02165,537.22435,-0.43902,0.00393,0.0621,1.7971
55,nan,nan,nan,-0.02143,507.53552,-0.52169,0.00320,0.0403,1.6538
56,nan,nan,nan,-0.01448,372.36598,-0.59737,0.02229,0.2698,1.5993
57,nan,nan,nan,-0.02244,246.53726,-0.71934,0.00918,0.1445,1.1989
58,nan,nan,nan,-0.02640,338.16512,-0.67700,0.00202,0.0147,1.4276
59,nan,nan,nan,-0.03156,338.69043,-0.69260,0.00208,0.0170,1.3644
60,471.948,16.042,19.042,-0.02707,279.79291,-0.68468,0.00067,0.0026,1.4095
61,nan,nan,nan,-0.02883,314.93619,-0.68903,0.00808,0.1185,1.3665
62,nan,nan,nan,-0.02638,284.54285,-0.68870,0.00969,0.1218,1.3871
63,nan,nan,nan,-0.00445,248.48505,-0.68608,0.03711,0.2535,1.2695
64,nan,nan,nan,-0.02237,325.89374,-0.60663,0.01115,0.0777,1.2219
65,nan,nan,nan,-0.01172,329.13463,-0.60677,0.04483,0.2966,1.3574
66,nan,nan,nan,-0.02056,385.99057,-0.48797,0.00790,0.1106,1.8894
67,nan,nan,nan,-0.02326,380.98848,-0.57750,0.00590,0.0771,1.6712
68,nan,nan,nan,-0.02744,303.78376,-0.59374,0.00235,0.0245,1.5423
69,nan,nan,nan,0.00510,310.82121,-0.64509,0.05440,0.3952,1.5125
70,226.296,7.917,10.917,0.01260,276.07895,-0.69975,0.12073,0.4042,1.0624
71,nan,nan,nan,0.00244,431.34225,-0.49002,0.06593,0.4333,1.0972
72,nan,nan,nan,-0.00320,324.43204,-0.46361,0.02922,0.1729,1.7841
73,nan,nan,nan,-0.01606,253.14259,-0.60137,0.01215,0.1886,1.5308
74,nan,nan,nan,-0.01870,322.44568,-0.65361,0.00490,0.0655,1.3307
75,nan,nan,nan,0.00885,266.37065,-0.56569,0.13357,0.3383,1.3463
76,nan,nan,nan,-0.02305,317.93706,-0.34710,0.00345,0.0268,1.5708
77,nan,nan,nan,-0.02521,402.75183,-0.37468,0.00684,0.0891,1.6074
78,nan,nan,nan,-0.02781,435.79751,-0.41112,0.00289,0.0283,1.5860
79,nan,nan,nan,-0.02008,354.00726,-0.48115,0.01243,0.0878,1.4561
80,470.168,15.833,18.833,-0.01535,322.49119,-0.51467,0.02375,0.2501,1.3381
81,nan,nan,nan,-0.01292,358.07281,-0.46556,0.01136,0.1353,1.8452
82,nan,nan,nan,-0.01255,241.79670,-0.57829,0.00685,0.0970,1.5003
83,nan,nan,nan,-0.02379,264.16760,-0.61903,0.00282,0.0254,1.2258
84,nan,nan,nan,-0.01647,305.58476,-0.58932,0.00597,0.0838,1.5844
85,nan,nan,nan,-0.01044,249.53497,-0.58833,0.02061,0.2171,1.4007
86,nan,nan,nan,-0.01940,348.71017,-0.54306,0.00853,0.1158,1.6682
87,nan,nan,nan,-0.02401,353.13174,-0.59152,0.00179,0.0189,1.5289
88,nan,nan,nan,-0.01740,246.31177,-0.62524,0.00404,0.0532,1.4124
89,nan,nan,nan,-0.02558,317.00933,-0.61047,0.00239,0.0281,1.4943
90,503.849,17.208,20.208,-0.02493,313.07883,-0.62516,0.00745,0.1058,1.3756
91,nan,nan,nan,-0.01824,269.03155,-0.60520,0.00702,0.1006,1.3673
92,nan,nan,nan,-0.02024,300.45745,-0.60110,0.00222,0.0240,1.3858
93,nan,nan,nan,-0.00030,251.57490,-0.52788,0.06007,0.2541,1.3208
94,nan,nan,nan,-0.02085,424.57466,-0.36249,0.00534,0.0827,1.9991
95,nan,nan,nan,-0.01572,401.08320,-0.44683,0.01615,0.1232,1.7543
96,nan,nan,nan,-0.01809,285.33814,-0.50424,0.00498,0.0602,1.6032
97,nan,nan,nan,-0.01634,268.30487,-0.53671,0.00991,0.1487,1.5928
98,nan,nan,nan,0.01976,218.59134,-0.48872,0.20306,0.3208,1.3553
99,nan,nan,nan,-0.01704,444.42974,-0.30478,0.01688,0.1651,1.7388
100,312.092,10.750,13.750,-0.02749,439.04850,-0.34500,0.00150,0.0110,1.4987
101,nan,nan,nan,-0.02499,400.71319,-0.32414,0.00334,0.0408,1.5976
102,nan,nan,nan,0.01089,384.28875,-0.21357,0.15950,0.2667,1.6209
103,nan,nan,nan,-0.02051,415.46265,-0.11547,0.01644,0.0625,2.2894
104,nan,nan,nan,-0.00783,420.25937,-0.14987,0.03051,0.0964,2.2171
105,nan,nan,nan,-0.01448,411.47690,-0.21622,0.00811,0.0820,2.2695
106,nan,nan,nan,-0.00826,314.42499,-0.27514,0.00730,0.0838,2.1126
107,nan,nan,nan,-0.01347,358.97852,-0.34101,0.01111,0.1240,1.9833
108,nan,nan,nan,-0.02174,461.73796,-0.42740,0.01203,0.1301,1.7619
109,nan,nan,nan,-0.02760,315.62609,-0.49970,0.00218,0.0230,1.4826
110,473.340,16.125,19.125,0.00336,306.97995,-0.55202,0.04355,0.3415,1.4738
111,nan,nan,nan,0.04958,313.32920,-0.56716,0.36151,0.3945,1.1230
112,nan,nan,nan,0.04158,352.71741,-0.26285,0.32775,0.4048,1.0771
113,nan,nan,nan,-0.02612,487.56330,-0.07461,0.00428,0.0337,2.1168
114,nan,nan,nan,-0.02313,407.65839,-0.10525,0.01139,0.0618,2.2455
115,nan,nan,nan,-0.02768,439.23194,-0.10334,0.00140,0.0211,2.2678
116,nan,nan,nan,-0.02227,506.02707,-0.11210,0.00672,0.0493,2.3481
117,nan,nan,nan,-0.02513,417.44313,-0.12616,0.00294,0.0337,2.2621
118,nan,nan,nan,-0.02662,453.72804,-0.15082,0.00474,0.0476,2.2856
119,nan,nan,nan,-0.02088,432.15639,-0.18560,0.00931,0.0676,2.2889
120,316.450,10.708,13.708,-0.00319,420.10213,-0.26213,0.05037,0.1968,2.2919
121,nan,nan,nan,-0.02875,570.60753,-0.41081,0.00495,0.0754,1.2971
122,nan,nan,nan,-0.01058,508.63417,-0.38191,0.05587,0.3007,1.2728
123,nan,nan,nan,-0.01983,367.12845,-0.27214,0.00690,0.0636,2.0523
124,nan,nan,nan,-0.01353,325.77189,-0.33127,0.01358,0.1471,1.9672
125,nan,nan,nan,-0.01337,255.15348,-0.40698,0.00221,0.0216,1.5980
126,nan,nan,nan,-0.00109,311.48701,-0.40355,0.04197,0.1736,1.4173
127,nan,nan,nan,-0.01735,344.01929,-0.32452,0.00830,0.1122,1.7642
128,nan,nan,nan,-0.01817,371.62818,-0.38990,0.00645,0.0910,1.5889
129,nan,nan,nan,0.00735,327.87667,-0.36131,0.06777,0.2379,1.4063
130,587.465,19.208,22.208,-0.01331,413.81505,-0.22620,0.00534,0.0660,2.2416
131,nan,nan,nan,-0.02382,319.28364,-0.25599,0.00110,0.0129,2.1437
132,nan,nan,nan,-0.02124,368.23865,-0.28505,0.01666,0.1076,2.1390
133,nan,nan,nan,-0.00098,275.42187,-0.41778,0.02930,0.2395,1.6700
134,nan,nan,nan,-0.00115,382.25155,-0.46232,0.05965,0.2286,1.3398
135,nan,nan,nan,0.01000,463.60175,-0.31188,0.09068,0.2422,1.6349
136,nan,nan,nan,-0.00707,369.15303,-0.21831,0.01205,0.1027,2.2484
137,nan,nan,nan,-0.01848,327.49182,-0.29206,0.00559,0.0832,1.9657
138,nan,nan,nan,-0.02006,331.36507,-0.30692,0.01027,0.1039,1.8564
139,nan,nan,nan,-0.02157,281.21940,-0.28944,0.00104,0.0113,1.9290
140,543.045,18.333,21.333,-0.01588,265.00986,-0.30472,0.00466,0.0581,1.9700
141,nan,nan,nan,-0.02480,367.98123,-0.32148,0.00221,0.0302,1.9486
142,nan,nan,nan,-0.01248,354.70276,-0.34090,0.03636,0.1900,1.8188
143,nan,nan,nan,-0.01414,294.02232,-0.30373,0.00638,0.0550,2.0380
144,nan,nan,nan,-0.02889,391.36546,-0.34545,0.00411,0.0557,1.9860
145,nan,nan,nan,-0.01903,304.00752,-0.37693,0.00113,0.0131,1.7857
146,nan,nan,nan,-0.02144,337.45214,-0.40592,0.00515,0.0652,1.6813
147,nan,nan,nan,-0.02045,346.16852,-0.39910,0.00286,0.0361,1.7414
148,nan,nan,nan,0.01067,252.50653,-0.36304,0.06926,0.2058,1.5612
149,nan,nan,nan,-0.02060,343.49234,-0.24728,0.00398,0.0524,2.1333
150,585.480,19.042,22.042,-0.02565,406.73356,-0.25823,0.00363,0.0482,2.0229
151,nan,nan,nan,-0.01451,259.43200,-0.26574,0.00643,0.0491,2.0486
152,nan,nan,nan,-0.02062,337.41015,-0.27514,0.00194,0.0230,2.1499
153,nan,nan,nan,-0.02208,347.13098,-0.28761,0.00160,0.0225,2.0914
154,nan,nan,nan,-0.01589,326.17294,-0.32336,0.00790,0.0970,2.0791
155,nan,nan,nan,-0.00699,198.13586,-0.35189,0.00807,0.0789,1.8253
156,nan,nan,nan,-0.02117,304.67712,-0.31558,0.00077,0.0046,1.9320
157,nan,nan,nan,-0.01574,302.50045,-0.33239,0.00653,0.0756,1.9932
158,nan,nan,nan,-0.01897,311.10395,-0.38277,0.00455,0.0565,1.7769
159,nan,nan,nan,-0.01249,280.77426,-0.36860,0.01188,0.1133,1.6757
160,588.331,19.458,22.458,-0.01963,384.50717,-0.29224,0.00621,0.0722,1.9609
161,nan,nan,nan,-0.01376,363.81379,-0.25470,0.00081,0.0081,2.2723
162,nan,nan,nan,-0.01378,366.36739,-0.28919,0.00901,0.1020,2.2008
163,nan,nan,nan,-0.01595,271.41055,-0.32449,0.00203,0.0282,1.9504
164,nan,nan,nan,-0.01901,315.03164,-0.30920,0.00099,0.0072,2.0001
165,nan,nan,nan,-0.00794,277.19866,-0.33209,0.00401,0.0601,2.0651
166,nan,nan,nan,-0.00670,243.77530,-0.37438,0.00622,0.0717,1.8706
167,nan,nan,nan,-0.01566,314.53682,-0.36729,0.00713,0.0754,1.8814
168,nan,nan,nan,-0.01358,309.71168,-0.29354,0.01684,0.1448,2.0156
169,nan,nan,nan,-0.01197,306.99209,-0.24512,0.00289,0.0342,2.2879
170,622.800,20.958,23.958,-0.02039,399.21858,-0.26462,0.00765,0.0759,2.2620
171,nan,nan,nan,-0.01890,373.23251,-0.27294,0.00212,0.0294,2.1408
172,nan,nan,nan,-0.00830,286.43385,-0.27995,0.00600,0.0620,2.1921
173,nan,nan,nan,-0.00948,374.86423,-0.28942,0.01873,0.1304,2.1603
174,nan,nan,nan,-0.01599,374.63683,-0.28447,0.01468,0.1162,2.0366
175,nan,nan,nan,-0.01687,377.23965,-0.27768,0.00188,0.0262,2.2060
176,nan,nan,nan,-0.00745,302.08638,-0.29469,0.00142,0.0167,2.1453
177,nan,nan,nan,-0.01969,357.11451,-0.29597,0.00065,0.0025,2.1720
178,nan,nan,nan,-0.00870,404.75588,-0.32348,0.00739,0.0889,2.1319
179,nan,nan,nan,-0.01496,328.16807,-0.34643,0.00418,0.0473,1.8499
180,546.269,18.167,21.167,-0.01013,437.25541,-0.31045,0.00665,0.0715,2.2096
181,nan,nan,nan,-0.01032,458.59547,-0.30254,0.00353,0.0432,2.2028
182,nan,nan,nan,0.00058,401.56554,-0.32980,0.00354,0.0466,2.0000
183,nan,nan,nan,-0.01003,395.09070,-0.35070,0.00330,0.0445,1.9786
184,nan,nan,nan,0.00716,449.85564,-0.33617,0.04178,0.1517,1.8384
185,nan,nan,nan,-0.00501,468.37063,-0.23686,0.00538,0.0572,2.2405
186,nan,nan,nan,-0.01115,458.22443,-0.24159,0.00383,0.0379,2.2119
187,nan,nan,nan,-0.00433,410.83866,-0.23521,0.00632,0.0668,2.1665
188,nan,nan,nan,-0.00361,403.43097,-0.25783,0.01877,0.1342,2.2924
189,nan,nan,nan,-0.00381,471.99676,-0.30730,0.00835,0.0850,2.1306
190,538.693,17.833,20.833,-0.00149,455.30130,-0.28822,0.01436,0.1027,2.0660
191,nan,nan,nan,-0.01566,465.92124,-0.23174,0.00397,0.0474,2.2917
192,nan,nan,nan,0.00067,504.62884,-0.23848,0.00291,0.0366,2.3554
193,nan,nan,nan,-0.00762,383.48231,-0.26407,0.00591,0.0720,2.3033
194,nan,nan,nan,-0.00620,405.10870,-0.30524,0.01133,0.0941,2.1879
195,nan,nan,nan,-0.00671,445.04935,-0.31001,0.00403,0.0486,2.0444
196,nan,nan,nan,-0.00563,438.43176,-0.29259,0.00146,0.0202,2.1391
197,nan,nan,nan,-0.00252,457.91355,-0.28408,0.00218,0.0277,2.1785
198,nan,nan,nan,-0.00328,396.22602,-0.24558,0.01460,0.1038,2.1983
199,nan,nan,nan,0.00168,335.19210,-0.22505,0.00674,0.0633,2.3313
200,640.348,20.917,23.917,-0.01288,423.85559,-0.25168,0.00360,0.0413,2.3151
201,nan,nan,nan,-0.01065,388.39707,-0.27400,0.00410,0.0566,2.2516
202,nan,nan,nan,-0.01146,473.27158,-0.28584,0.00623,0.0714,2.2351
203,nan,nan,nan,-0.00838,414.16701,-0.28265,0.00914,0.0938,2.1721
204,nan,nan,nan,0.00426,417.68625,-0.24620,0.02398,0.0987,2.2093
205,nan,nan,nan,-0.00632,463.30179,-0.23713,0.00904,0.0891,2.3773
206,nan,nan,nan,-0.00437,519.77676,-0.26922,0.00816,0.0871,2.1811
207,nan,nan,nan,-0.00393,519.20222,-0.22873,0.00335,0.0421,2.2853
208,nan,nan,nan,-0.00890,531.71060,-0.24045,0.00139,0.0176,2.2841
209,nan,nan,nan,-0.00113,527.28466,-0.24374,0.00102,0.0117,2.3082
210,672.399,22.250,25.250,-0.00718,458.84047,-0.27198,0.00547,0.0665,2.2639
211,nan,nan,nan,-0.00313,420.34457,-0.28421,0.01152,0.0910,2.1607
212,nan,nan,nan,-0.00361,626.87612,-0.26367,0.00207,0.0241,2.1609
213,nan,nan,nan,-0.00298,546.86155,-0.27320,0.00239,0.0321,2.2108
214,nan,nan,nan,-0.00372,548.63337,-0.27497,0.00062,0.0046,2.2181
215,nan,nan,nan,-0.00263,613.49199,-0.27925,0.00210,0.0268,2.1986
216,nan,nan,nan,-0.00357,652.15764,-0.29681,0.00134,0.0159,2.1648
217,nan,nan,nan,0.01110,601.27102,-0.24689,0.02965,0.1605,2.1381
218,nan,nan,nan,-0.00162,589.40727,-0.21141,0.00922,0.0797,2.3893
219,nan,nan,nan,-0.00534,536.52949,-0.24825,0.00097,0.0098,2.2763
220,701.753,23.500,26.500,-0.00062,484.86505,-0.26729,0.00592,0.0609,2.2235
221,nan,nan,nan,0.00649,471.63514,-0.30438,0.01467,0.1312,2.1725
222,nan,nan,nan,-0.00032,505.10932,-0.31754,0.00634,0.0753,1.9632
223,nan,nan,nan,0.00123,596.88543,-0.26214,0.01168,0.1168,2.1532
224,nan,nan,nan,-0.00246,609.70702,-0.22692,0.00516,0.0639,2.3897
225,nan,nan,nan,-0.00400,595.54375,-0.23978,0.00593,0.0730,2.3756
226,nan,nan,nan,-0.01114,565.97844,-0.27422,0.00218,0.0305,2.2305
227,nan,nan,nan,0.00125,652.03492,-0.26016,0.00913,0.0736,2.2338
228,nan,nan,nan,0.00386,446.96550,-0.24161,0.00778,0.0800,2.2850
229,nan,nan,nan,-0.00216,525.55021,-0.22408,0.00029,0.0002,2.2858
230,607.915,20.292,23.292,-0.00317,459.81926,-0.22738,0.00057,0.0034,2.3204
231,nan,nan,nan,-0.00131,550.62484,-0.23365,0.00687,0.0673,2.3115
232,nan,nan,nan,-0.00564,453.42057,-0.25290,0.00178,0.0234,2.2460
233,nan,nan,nan,-0.00071,472.77914,-0.24647,0.00042,0.0009,2.3050
234,nan,nan,nan,0.00193,495.16453,-0.24142,0.00978,0.0997,2.2354
235,nan,nan,nan,-0.00364,543.95625,-0.24377,0.00333,0.0429,2.1019
236,nan,nan,nan,-0.00251,560.69434,-0.22991,0.00178,0.0250,2.2470
237,nan,nan,nan,-0.00070,599.40767,-0.25075,0.00529,0.0616,2.1316
238,nan,nan,nan,-0.00201,557.48852,-0.23707,0.00170,0.0237,2.2732
239,nan,nan,nan,-0.00409,610.27077,-0.23414,0.00199,0.0267,2.2242
240,668.190,22.125,25.125,-0.00009,584.34713,-0.22220,0.00532,0.0530,2.2371
241,nan,nan,nan,-0.00130,579.12079,-0.21181,0.00439,0.0503,2.3874
242,nan,nan,nan,0.00111,585.53264,-0.23998,0.00141,0.0181,2.3135
243,nan,nan,nan,-0.00658,585.04885,-0.23712,0.00093,0.0104,2.2296
244,nan,nan,nan,-0.00321,611.91074,-0.22469,0.00298,0.0361,2.2611
245,nan,nan,nan,-0.00137,554.51978,-0.22774,0.00127,0.0165,2.3112
246,nan,nan,nan,0.00338,487.01692,-0.25148,0.00723,0.0769,2.2147
247,nan,nan,nan,-0.00244,512.71284,-0.25821,0.00652,0.0592,2.1536
248,nan,nan,nan,-0.00204,584.48471,-0.22716,0.00162,0.0219,2.4141
249,nan,nan,nan,-0.00389,538.18484,-0.25158,0.00225,0.0315,2.2103
250,677.147,22.583,25.583,-0.00200,587.08354,-0.26399,0.00055,0.0053,2.1520
251,nan,nan,nan,0.01152,604.90400,-0.22202,0.04022,0.1657,2.1846
252,nan,nan,nan,-0.00473,657.39360,-0.16293,0.00219,0.0277,2.3121
253,nan,nan,nan,-0.00429,564.69759,-0.18358,0.00235,0.0319,2.3552
254,nan,nan,nan,-0.00205,582.41763,-0.17681,0.00431,0.0379,2.3348
255,nan,nan,nan,-0.00138,513.10706,-0.15657,0.00082,0.0110,2.3734
256,nan,nan,nan,-0.00174,469.28780,-0.17034,0.00162,0.0228,2.2977
257,nan,nan,nan,-0.00848,450.48976,-0.18221,0.00208,0.0286,2.3808
258,nan,nan,nan,-0.00355,542.66263,-0.20814,0.01010,0.0876,2.4012
259,nan,nan,nan,-0.00679,514.64636,-0.22897,0.00244,0.0325,2.2883
260,610.753,20.750,23.750,-0.00052,484.62902,-0.20873,0.00989,0.0651,2.3288
261,nan,nan,nan,-0.00708,557.01220,-0.19134,0.00064,0.0071,2.3871
262,nan,nan,nan,0.00402,472.38888,-0.21359,0.00578,0.0517,2.3144
263,nan,nan,nan,-0.00174,582.52435,-0.24529,0.00733,0.0794,2.2825
264,nan,nan,nan,-0.00022,541.93880,-0.25567,0.01008,0.0748,2.1034
265,nan,nan,nan,-0.00407,650.44258,-0.21414,0.00322,0.0389,2.2701
266,nan,nan,nan,0.00024,689.54193,-0.20005,0.00071,0.0072,2.3396
267,nan,nan,nan,-0.00329,624.13747,-0.19750,0.00341,0.0458,2.3123
268,nan,nan,nan,0.00904,762.60472,-0.21246,0.00972,0.0855,2.3466
269,nan,nan,nan,0.00769,661.71570,-0.21978,0.01835,0.1130,2.1924
270,659.955,21.917,24.917,-0.00201,855.77369,-0.17765,0.00229,0.0285,2.5341
271,nan,nan,nan,0.00310,686.37856,-0.20689,0.00619,0.0704,2.3701
272,nan,nan,nan,-0.00442,612.62343,-0.22393,0.00080,0.0081,2.2878
273,nan,nan,nan,-0.00097,718.88448,-0.20682,0.00532,0.0530,2.3639
274,nan,nan,nan,0.00118,622.08772,-0.17730,0.00335,0.0373,2.3667
275,nan,nan,nan,0.00123,755.80856,-0.16834,0.00293,0.0381,2.3490
276,nan,nan,nan,0.00389,570.96533,-0.17632,0.00370,0.0386,2.3564
277,nan,nan,nan,-0.00244,655.54640,-0.17514,0.00103,0.0122,2.3896
278,nan,nan,nan,-0.00260,659.75036,-0.18355,0.00135,0.0175,2.3825
279,nan,nan,nan,0.00138,674.86802,-0.20723,0.00509,0.0598,2.3560
280,658.340,22.292,25.292,-0.00016,678.08878,-0.21943,0.00650,0.0555,2.1827
281,nan,nan,nan,-0.00137,775.52749,-0.17677,0.00588,0.0594,2.3322
282,nan,nan,nan,-0.00164,822.17954,-0.14980,0.00212,0.0261,2.4609
283,nan,nan,nan,0.00076,722.82874,-0.15691,0.00160,0.0187,2.4226
284,nan,nan,nan,0.00091,681.68720,-0.17726,0.00316,0.0391,2.3995
285,nan,nan,nan,0.00206,726.85944,-0.20007,0.00156,0.0212,2.3369
286,nan,nan,nan,-0.00326,619.50912,-0.20762,0.00181,0.0246,2.2632
287,nan,nan,nan,0.00088,619.00955,-0.21707,0.00267,0.0358,2.1890
288,nan,nan,nan,-0.00075,685.38261,-0.20217,0.00226,0.0290,2.3217
289,nan,nan,nan,0.00021,806.03915,-0.18507,0.00116,0.0163,2.4001
290,693.904,23.083,26.083,-0.00024,774.14997,-0.19591,0.00035,0.0025,2.3407
291,nan,nan,nan,0.00009,714.88426,-0.18964,0.00096,0.0115,2.3869
292,nan,nan,nan,0.00022,746.36479,-0.19633,0.00113,0.0142,2.3642
293,nan,nan,nan,0.00481,806.13177,-0.18619,0.00980,0.0848,2.2881
294,nan,nan,nan,-0.00132,835.59006,-0.16194,0.00191,0.0221,2.5198
295,nan,nan,nan,0.00112,713.37015,-0.17535,0.00129,0.0178,2.3825
296,nan,nan,nan,-0.00018,652.32427,-0.20087,0.00157,0.0217,2.2604
297,nan,nan,nan,0.00376,755.33960,-0.20364,0.00500,0.0486,2.2086
298,nan,nan,nan,-0.00135,712.72616,-0.18231,0.00049,0.0043,2.3793
299,nan,nan,nan,0.00024,696.25200,-0.18906,0.00052,0.0056,2.2766
300,650.968,21.458,24.458,0.00037,649.50757,-0.19250,0.00220,0.0289,2.2506
301,nan,nan,nan,-0.00131,680.39819,-0.18163,0.00150,0.0189,2.3781
302,nan,nan,nan,0.00354,733.77300,-0.20535,0.00330,0.0393,2.3381
303,nan,nan,nan,0.00073,747.35234,-0.20415,0.00482,0.0511,2.3100
304,nan,nan,nan,0.00247,774.57855,-0.19344,0.00235,0.0302,2.3466
305,nan,nan,nan,-0.00306,808.27214,-0.22550,0.00332,0.0469,2.2971
306,nan,nan,nan,0.00299,786.99810,-0.21237,0.00545,0.0656,2.2258
307,nan,nan,nan,0.00050,898.03047,-0.19455,0.00151,0.0221,2.3788
308,nan,nan,nan,0.00098,801.65071,-0.21512,0.00208,0.0274,2.2859
309,nan,nan,nan,-0.00029,696.79763,-0.20601,0.00114,0.0147,2.3037
310,665.673,22.167,25.167,-0.00350,653.22729,-0.20804,0.00074,0.0082,2.2908
311,nan,nan,nan,0.00272,765.83557,-0.21851,0.00194,0.0269,2.2676
312,nan,nan,nan,0.00067,671.17061,-0.21288,0.00301,0.0424,2.3272
313,nan,nan,nan,0.00344,586.69618,-0.22954,0.01656,0.0922,2.0616
314,nan,nan,nan,-0.00083,751.53879,-0.18830,0.00174,0.0228,2.3281
315,nan,nan,nan,0.00033,729.15046,-0.20174,0.00340,0.0429,2.3097
316,nan,nan,nan,0.00157,717.56619,-0.22199,0.00121,0.0174,2.2131
317,nan,nan,nan,-0.00107,670.26192,-0.21801,0.00276,0.0372,2.2862
318,nan,nan,nan,-0.00224,732.00188,-0.19705,0.00380,0.0486,2.2825
319,nan,nan,nan,-0.00161,691.65954,-0.18414,0.00097,0.0138,2.3398
320,648.414,21.375,24.375,0.00415,820.09270,-0.19036,0.00413,0.0440,2.3934
321,nan,nan,nan,0.00042,673.23190,-0.21105,0.00185,0.0261,2.2682
322,nan,nan,nan,0.00138,780.73748,-0.18867,0.00812,0.0741,2.2816
323,nan,nan,nan,-0.00093,713.65354,-0.16064,0.00056,0.0078,2.4756
324,nan,nan,nan,-0.00077,689.96352,-0.18121,0.00170,0.0218,2.2755
325,nan,nan,nan,-0.00066,642.53093,-0.18687,0.00120,0.0155,2.2320
326,nan,nan,nan,0.00168,698.66519,-0.18761,0.00392,0.0380,2.4072
327,nan,nan,nan,-0.00011,612.06394,-0.19193,0.00119,0.0148,2.3268
328,nan,nan,nan,0.00227,571.43189,-0.18118,0.00017,0.0002,2.3108
329,nan,nan,nan,-0.00265,507.82872,-0.19610,0.00218,0.0305,2.3149
330,775.443,25.708,28.708,0.00130,600.76441,-0.19162,0.00136,0.0176,2.3367
331,nan,nan,nan,-0.00014,649.67829,-0.19701,0.00133,0.0181,2.2891
332,nan,nan,nan,-0.00143,620.27718,-0.20229,0.00103,0.0134,2.3520
333,nan,nan,nan,0.00005,577.63194,-0.18843,0.00339,0.0379,2.2897
334,nan,nan,nan,-0.00091,563.00964,-0.17271,0.00142,0.0198,2.3622
335,nan,nan,nan,0.00184,592.97326,-0.19299,0.00465,0.0526,2.3351
336,nan,nan,nan,0.00622,662.33657,-0.21141,0.00220,0.0330,2.3141
337,nan,nan,nan,0.00185,562.63872,-0.23692,0.00123,0.0156,2.1842
338,nan,nan,nan,-0.00452,679.69163,-0.22053,0.00330,0.0388,2.2698
339,nan,nan,nan,0.00201,643.80176,-0.19943,0.00362,0.0502,2.2754
340,732.268,24.333,27.333,0.00105,601.05046,-0.17693,0.00210,0.0285,2.3096
341,nan,nan,nan,0.00309,588.45372,-0.18796,0.00504,0.0512,2.3087
342,nan,nan,nan,-0.00385,547.31137,-0.19787,0.00015,0.0001,2.3169
343,nan,nan,nan,-0.00084,622.87526,-0.19275,0.00052,0.0043,2.2549
344,nan,nan,nan,0.00045,614.98676,-0.18236,0.00113,0.0155,2.4148
345,nan,nan,nan,-0.00172,594.64421,-0.17719,0.00209,0.0302,2.2817
346,nan,nan,nan,-0.00344,572.97825,-0.18099,0.00051,0.0055,2.3325
347,nan,nan,nan,-0.00083,527.01840,-0.18444,0.00115,0.0158,2.4310
348,nan,nan,nan,-0.00213,636.89939,-0.20728,0.00197,0.0265,2.3016
349,nan,nan,nan,0.00157,562.43724,-0.20146,0.00809,0.0718,2.2092
350,615.638,20.500,23.500,0.00002,591.48055,-0.17350,0.00031,0.0009,2.3706
351,nan,nan,nan,-0.00160,608.09077,-0.18602,0.00252,0.0318,2.3511
352,nan,nan,nan,-0.00035,629.01490,-0.19602,0.00078,0.0101,2.2993
353,nan,nan,nan,-0.00126,579.51531,-0.22112,0.00225,0.0283,2.1888
354,nan,nan,nan,0.00406,547.61974,-0.23576,0.00984,0.0716,1.9397
355,nan,nan,nan,-0.00098,702.05780,-0.20127,0.00340,0.0437,2.3059
356,nan,nan,nan,0.00051,660.03835,-0.22472,0.00873,0.0650,2.1021
357,nan,nan,nan,0.00007,646.40471,-0.19579,0.00145,0.0196,2.2865
358,nan,nan,nan,0.00030,549.39921,-0.20299,0.00067,0.0064,2.1844
359,nan,nan,nan,-0.00109,651.94579,-0.18853,0.00076,0.0071,2.3367
360,651.763,21.875,24.875,0.00007,592.88293,-0.19150,0.00058,0.0067,2.2802
361,nan,nan,nan,-0.00013,661.05979,-0.20400,0.00008,0.0000,2.2691
362,nan,nan,nan,-0.00146,570.69673,-0.19441,0.00044,0.0034,2.3038
363,nan,nan,nan,-0.00005,556.92345,-0.19080,0.00090,0.0114,2.2923
364,nan,nan,nan,-0.00166,533.68319,-0.19966,0.00091,0.0111,2.2806
365,nan,nan,nan,0.00296,568.62347,-0.23899,0.00848,0.0740,2.1866
366,nan,nan,nan,-0.00117,557.23861,-0.26453,0.00167,0.0208,1.9414
367,nan,nan,nan,0.00080,628.99928,-0.23252,0.00615,0.0770,2.0160
368,nan,nan,nan,0.00098,512.47223,-0.20632,0.00085,0.0105,2.2580
369,nan,nan,nan,-0.00084,571.42410,-0.21883,0.00355,0.0463,2.2010
370,759.680,24.833,27.833,0.00020,544.24109,-0.26634,0.00121,0.0147,1.9739
371,nan,nan,nan,-0.00032,619.95412,-0.23444,0.00304,0.0400,2.0873
372,nan,nan,nan,-0.00083,678.56278,-0.19734,0.00088,0.0110,2.2607
373,nan,nan,nan,0.00249,677.30486,-0.21674,0.00072,0.0054,2.1391
374,nan,nan,nan,-0.00252,706.51052,-0.19840,0.00206,0.0286,2.2100
375,nan,nan,nan,-0.00012,643.40515,-0.19053,0.00317,0.0415,2.1937
376,nan,nan,nan,-0.00059,621.51218,-0.16048,0.00099,0.0136,2.3534
377,nan,nan,nan,-0.00088,621.96712,-0.15951,0.00030,0.0022,2.3981
378,nan,nan,nan,0.00011,599.60594,-0.17662,0.00220,0.0309,2.2938
379,nan,nan,nan,0.00031,560.13045,-0.20956,0.00152,0.0201,2.1529
380,662.928,22.333,25.333,0.00228,523.50570,-0.21271,0.00189,0.0267,2.1898
381,nan,nan,nan,0.00096,580.19477,-0.23590,0.00283,0.0355,2.1394
382,nan,nan,nan,-0.00005,514.45429,-0.25314,0.00195,0.0263,1.9357
383,nan,nan,nan,-0.00327,570.69105,-0.21673,0.00077,0.0063,2.0364
384,nan,nan,nan,-0.00617,727.21135,-0.22487,0.00061,0.0057,2.1488
385,nan,nan,nan,0.00084,587.36159,-0.24880,0.00176,0.0264,1.9796
386,nan,nan,nan,0.00093,670.54629,-0.25660,0.00260,0.0360,1.8048
387,nan,nan,nan,0.00096,797.99673,-0.19384,0.00104,0.0144,2.2624
388,nan,nan,nan,0.00095,701.85938,-0.18201,0.00378,0.0446,2.2803
389,nan,nan,nan,-0.00099,673.97091,-0.17673,0.00026,0.0026,2.2593
390,619.464,20.500,23.500,-0.00152,694.03901,-0.17553,0.00039,0.0027,2.2852
391,nan,nan,nan,0.00367,683.81896,-0.20823,0.00195,0.0297,2.2332
392,nan,nan,nan,-0.00226,551.62866,-0.20764,0.00056,0.0070,2.2149
393,nan,nan,nan,-0.00043,595.46355,-0.22243,0.00156,0.0212,2.0489
394,nan,nan,nan,0.00045,624.22416,-0.20821,0.00228,0.0300,2.2270
395,nan,nan,nan,0.00159,595.07288,-0.23142,0.00098,0.0112,2.0027
396,nan,nan,nan,-0.00039,617.10511,-0.20716,0.00089,0.0107,2.2163
397,nan,nan,nan,-0.00080,500.80139,-0.19725,0.00118,0.0157,2.2612
398,nan,nan,nan,0.00090,511.19256,-0.20793,0.00077,0.0073,2.1354
399,nan,nan,nan,0.00204,514.26834,-0.20250,0.00358,0.0453,2.0892
400,675.123,22.417,25.417,0.00090,564.53511,-0.18911,0.00345,0.0394,2.1291
401,nan,nan,nan,-0.00371,527.05499,-0.17572,0.00066,0.0079,2.2631
402,nan,nan,nan,0.00122,546.82679,-0.17861,0.00165,0.0228,2.2452
403,nan,nan,nan,0.00059,562.59229,-0.18631,0.00056,0.0051,2.1568
404,nan,nan,nan,-0.00135,621.08715,-0.16284,0.00066,0.0066,2.3646
405,nan,nan,nan,0.00261,527.62518,-0.17404,0.00018,0.0000,2.2731
406,nan,nan,nan,-0.00261,496.32551,-0.19484,0.00199,0.0288,2.2146
407,nan,nan,nan,-0.00085,543.62065,-0.21351,0.00331,0.0437,2.0987
408,nan,nan,nan,-0.00013,485.43373,-0.23917,0.00080,0.0081,1.9970
409,nan,nan,nan,-0.00125,601.61827,-0.25102,0.00101,0.0124,1.8923
410,700.291,23.875,26.875,-0.00217,551.94588,-0.21871,0.00085,0.0060,2.0866
411,nan,nan,nan,0.00006,647.05807,-0.24326,0.00102,0.0108,1.8772
412,nan,nan,nan,-0.00107,602.50908,-0.21332,0.00098,0.0096,2.0731
413,nan,nan,nan,-0.00292,616.94743,-0.18851,0.00193,0.0265,2.0879
414,nan,nan,nan,-0.00236,578.80930,-0.16676,0.00079,0.0091,2.2252
415,nan,nan,nan,-0.00048,556.24364,-0.18566,0.00416,0.0510,2.1407
416,nan,nan,nan,-0.00053,580.14421,-0.21177,0.00034,0.0020,2.0383
417,nan,nan,nan,0.00057,585.22085,-0.22543,0.00004,0.0000,1.9249
418,nan,nan,nan,-0.00154,733.91149,-0.20930,0.00045,0.0045,2.0143
419,nan,nan,nan,-0.00025,702.76770,-0.20067,0.00021,0.0012,2.0758
420,657.673,22.417,25.417,-0.00081,574.79108,-0.19152,0.00008,0.0001,2.1927
421,nan,nan,nan,0.00099,665.77445,-0.20151,0.00037,0.0018,2.0934
422,nan,nan,nan,-0.00458,622.17175,-0.20257,0.00150,0.0190,2.0458
423,nan,nan,nan,-0.00058,635.81587,-0.17351,0.00033,0.0037,2.3231
424,nan,nan,nan,-0.00058,575.59355,-0.18034,0.00087,0.0111,2.2260
425,nan,nan,nan,-0.00035,602.30131,-0.19377,0.00022,0.0003,2.1522
426,nan,nan,nan,-0.00124,554.96945,-0.20326,0.00053,0.0041,2.0586
427,nan,nan,nan,-0.00058,624.47420,-0.21032,0.00282,0.0362,1.9540
428,nan,nan,nan,-0.00135,582.05024,-0.19799,0.00036,0.0022,1.9971
429,nan,nan,nan,-0.00000,595.40220,-0.20744,0.00062,0.0056,2.0168
430,645.443,21.708,24.708,-0.00123,516.59935,-0.20538,0.00024,0.0003,1.9840
431,nan,nan,nan,0.00090,588.86312,-0.21254,0.00371,0.0452,2.0485
432,nan,nan,nan,-0.00144,614.85802,-0.20479,0.00116,0.0142,2.0219
433,nan,nan,nan,-0.00107,622.06360,-0.20116,0.00035,0.0030,2.0947
434,nan,nan,nan,0.00156,584.35815,-0.21176,0.00081,0.0120,1.9733
435,nan,nan,nan,0.00049,741.70195,-0.20557,0.00065,0.0045,2.1043
436,nan,nan,nan,-0.00048,650.18479,-0.20543,0.00031,0.0011,2.1045
437,nan,nan,nan,-0.00381,594.70118,-0.21086,0.00056,0.0047,2.0325
438,nan,nan,nan,-0.00085,596.52172,-0.21395,0.00057,0.0043,2.0780
439,nan,nan,nan,-0.00231,549.62433,-0.21724,0.00136,0.0156,1.9105
440,615.357,20.333,23.333,0.00126,617.61633,-0.20811,0.00013,0.0002,1.9959
441,nan,nan,nan,-0.00072,501.44526,-0.22436,0.00062,0.0036,1.8941
442,nan,nan,nan,-0.00167,715.78111,-0.20657,0.00166,0.0222,2.0550
443,nan,nan,nan,-0.00124,633.70401,-0.20593,0.00043,0.0013,1.9104
444,nan,nan,nan,-0.00071,568.32979,-0.18653,0.00034,0.0011,2.0572
445,nan,nan,nan,-0.00120,654.22237,-0.19372,0.00034,0.0020,2.0125
446,nan,nan,nan,-0.00079,623.38430,-0.18811,0.00038,0.0013,2.1245
447,nan,nan,nan,-0.00019,732.16173,-0.17459,0.00005,0.0000,2.2609
448,nan,nan,nan,-0.00067,707.07475,-0.18759,0.00262,0.0367,2.2137
449,nan,nan,nan,-0.00124,562.32854,-0.20404,0.00020,0.0000,2.0490
450,653.455,21.625,24.625,-0.00222,570.59596,-0.19221,0.00122,0.0145,2.1464
451,nan,nan,nan,0.00051,590.18249,-0.20273,0.00075,0.0102,1.9366
452,nan,nan,nan,-0.00055,608.45191,-0.20194,0.00070,0.0088,2.0207
453,nan,nan,nan,0.00025,594.60540,-0.19974,0.00130,0.0167,2.1432
454,nan,nan,nan,-0.00129,594.21865,-0.19991,0.00079,0.0096,2.0569
455,nan,nan,nan,-0.00294,572.95700,-0.20938,0.00010,0.0000,2.0156
456,nan,nan,nan,-0.00189,626.32782,-0.19824,0.00060,0.0063,2.0696
457,nan,nan,nan,-0.00103,587.80653,-0.20034,0.00101,0.0116,1.9349
458,nan,nan,nan,0.00026,707.37702,-0.18719,0.00030,0.0023,2.1154
459,nan,nan,nan,-0.00222,607.27582,-0.20311,0.00018,0.0000,1.9870
460,665.793,22.208,25.208,0.00013,565.62943,-0.22174,0.00026,0.0006,1.9112
461,nan,nan,nan,0.00028,599.03040,-0.20225,0.00026,0.0004,2.0187
462,nan,nan,nan,-0.00264,580.93758,-0.20205,0.00015,0.0000,2.0142
463,nan,nan,nan,-0.00143,571.58090,-0.19710,0.00012,0.0001,2.0760
464,nan,nan,nan,-0.00077,618.19653,-0.20270,0.00038,0.0022,2.0795
465,nan,nan,nan,-0.00095,568.25514,-0.19328,0.00023,0.0009,2.1232
466,nan,nan,nan,-0.00089,593.90487,-0.21003,0.00030,0.0013,2.0442
467,nan,nan,nan,-0.00021,591.89611,-0.21664,0.00016,0.0001,1.9639
468,nan,nan,nan,0.00155,553.67418,-0.20170,0.00149,0.0198,2.0297
469,nan,nan,nan,-0.00181,583.06814,-0.18220,0.00017,0.0007,2.1945
470,614.586,20.375,23.375,-0.00251,577.84593,-0.18666,0.00088,0.0097,2.1227
471,nan,nan,nan,-0.00241,637.08664,-0.19638,0.00048,0.0057,2.0375
472,nan,nan,nan,-0.00234,632.57398,-0.19698,0.00012,0.0000,2.0233
473,nan,nan,nan,-0.00063,642.67045,-0.18680,0.00007,0.0000,2.0974
474,nan,nan,nan,-0.00150,575.83106,-0.19331,0.00049,0.0030,2.0607
475,nan,nan,nan,-0.00058,558.51048,-0.18011,0.00059,0.0053,2.1719
476,nan,nan,nan,0.00072,559.50163,-0.18362,0.00064,0.0068,2.1693
477,nan,nan,nan,0.00054,565.39416,-0.18965,0.00021,0.0004,2.0935
478,nan,nan,nan,0.00062,557.06691,-0.18843,0.00055,0.0061,2.1294
479,nan,nan,nan,-0.00009,561.08248,-0.20299,0.00035,0.0013,2.0505
480,668.516,22.250,25.250,-0.00066,561.88894,-0.20128,0.00017,0.0000,2.0702
481,nan,nan,nan,-0.00114,607.68706,-0.18099,0.00008,0.0000,2.1676
482,nan,nan,nan,0.00026,510.44334,-0.19177,0.00014,0.0000,2.0488
483,nan,nan,nan,0.00014,578.46071,-0.18976,0.00137,0.0197,2.0927
484,nan,nan,nan,-0.00325,594.38825,-0.18307,0.00010,0.0000,2.1065
485,nan,nan,nan,-0.00043,631.61647,-0.17251,0.00061,0.0071,2.2452
486,nan,nan,nan,-0.00159,481.81218,-0.19913,0.00020,0.0004,2.0002
487,nan,nan,nan,-0.00308,592.49223,-0.19243,0.00010,0.0000,2.0758
488,nan,nan,nan,0.00010,538.85714,-0.19360,0.00013,0.0000,1.9665
489,nan,nan,nan,-0.00031,576.24113,-0.18425,0.00014,0.0000,2.1438
490,673.723,22.667,25.667,0.00015,612.04634,-0.19100,0.00005,0.0000,2.0839
491,nan,nan,nan,-0.00087,562.97090,-0.19466,0.00054,0.0034,1.8944
492,nan,nan,nan,-0.00051,605.68724,-0.17008,0.00002,0.0000,2.1569
493,nan,nan,nan,0.00032,611.08943,-0.18032,0.00053,0.0061,2.1207
494,nan,nan,nan,-0.00041,604.82791,-0.18045,0.00069,0.0073,2.1011
495,nan,nan,nan,0.00034,548.27369,-0.17997,0.00006,0.0000,2.1136
496,nan,nan,nan,0.00006,544.83456,-0.18341,0.00046,0.0018,2.0662
497,nan,nan,nan,-0.00304,573.00217,-0.17868,0.00038,0.0018,2.1623
498,nan,nan,nan,-0.00303,614.19114,-0.18865,0.00017,0.0003,2.0694
499,nan,nan,nan,-0.00113,587.58104,-0.19201,0.00008,0.0000,2.0098
500,690.402,23.125,26.125,-0.00081,569.71617,-0.20586,0.00004,0.0000,1.9356
